Course,Order,Unit,Unit Length,Item Type,Title,Item Length,Content/Resources,Homework/Next Up,Important Notes
AP Art History,1,Looking & Meaning,2 weeks,Lesson,Reading images like evidence,45 min,https://apcentral.collegeboard.org/courses/ap-art-history,Compare two works in your sketchbook,Model slow looking before partner talk
AP Art History,2,Looking & Meaning,2 weeks,Lesson,Formal analysis relay,45 min,,Bring notes from last class,Pairs rotate; each speaker cites one visual element
AP Art History,3,Looking & Meaning,2 weeks,Activity,Gallery walk: context cards,50 min,https://example.org/apah/context-cards,Write one question for discussion,Keep movement tight; 3 min per station
AP Art History,1,Ancient Mediterranean,3 weeks,Unit,Ancient Mediterranean overview,,,Anchor unit before region lessons,
AP Art History,4,Ancient Mediterranean,3 weeks,Lesson,Parthenon as argument,45 min,https://example.org/apah/parthenon,Read excerpt on civic religion,Connect form to political messaging
AP Art History,5,Ancient Mediterranean,3 weeks,Assessment,Unit check-in: compare two monuments,60 min,,Study guide sections 1-3,Use image IDs only; no phones during timed portion
Biology Honors,1,Cells & Energy,10 days,Lesson,Cellular respiration lab prep,55 min,https://example.org/bio/lab-safety,Complete pre-lab questions,Safety goggles required for wet lab
Biology Honors,2,Cells & Energy,10 days,Lesson,Analyzing respiration data,45 min,,Graph results for next class,Emphasize units on axes
Biology Honors,1,Genetics,2 weeks,Project,Pedigree case study,2 class periods,https://example.org/bio/pedigree-rubric,Draft conclusion paragraph,Due at end of Week 6; submit digitally
